trans_amount,trans_max_ratio,transaction_type,trans_daily_count,abroad,hourly_prob,trusted_counterparty,is_fraud
870,0.9321182824836124,online,17,0,0.5543374743403449,True,0
476,0.15253904291426135,instore,17,0,0.9446657321710952,True,0
4436,0.5762883601668132,online,10,1,0.6099415585960517,False,1
5588,0.6067150463828559,instore,11,1,0.9245224687318999,False,1
8332,0.424130671302386,online,9,0,0.7858126454683731,True,0
1695,0.7364442356247228,online,9,0,0.5899478828018088,False,0
779,0.9343670147690148,instore,5,1,0.006435211496795712,False,1
6959,0.9255685129067763,online,17,0,0.772516286079404,True,1
2443,0.4508393714041321,instore,9,1,0.7024883415884688,False,0
5321,0.11323804584075525,instore,17,1,0.615253653282414,True,1
5061,0.9848411989623346,online,19,0,0.7604243116824717,False,1
6430,0.8388980864459341,instore,7,1,0.5129221647747657,True,1
1194,0.12466268120326685,instore,9,1,0.7040832713213391,False,0
3395,0.8698963620621283,instore,13,0,0.3758050158460863,False,1
6406,0.5188380571260721,online,11,0,0.7081218349006254,False,1
8676,0.5912754357449292,online,14,1,0.4756878180109587,True,1
2568,0.05476163882203133,online,11,0,0.7628933355543641,True,0
2057,0.8028534485980114,online,14,0,0.6466004439486619,True,0
2757,0.004632023004602859,online,13,1,0.22674118440694457,True,0
9177,0.3334991716911442,instore,1,1,0.6700325378075668,True,0
199,0.3981686935909433,online,8,0,0.4683301859338135,False,0
2744,0.5373956029379229,online,12,1,0.7735527418648872,False,1
3015,0.9198556164127605,instore,19,0,0.12340081520559643,False,1
4668,0.34634599436596125,instore,12,0,0.6263223516561951,False,0
1909,0.3469532018962277,instore,8,1,0.2784707289275523,True,0
7744,0.7375012481097484,instore,8,1,0.8529819953305915,True,0
1277,0.45221794088980716,instore,13,0,0.9283835056363074,True,0
1538,0.22460482293998196,instore,12,0,0.9963982936790554,False,0
3566,0.4524395161326934,instore,16,1,0.7960074024272833,True,1
3900,0.14085702037979986,online,1,0,0.7537340704280046,False,0
8848,0.1763869865062233,instore,13,1,0.21550075886755105,True,1
5403,0.49836777273947974,instore,7,0,0.33600705899010874,True,0
8802,0.4189254495045479,instore,5,0,0.4656825417622795,True,0
8443,0.9148459010681,online,8,1,0.7733810477822497,True,1
7523,0.3623938991166331,online,14,1,0.9149658650779686,False,1
9565,0.013094456588333636,instore,17,1,0.695624652354058,False,1
6245,0.6635373720167106,online,15,1,0.6107707306850386,True,1
9680,0.14866272775311296,online,2,0,0.5684648985079399,True,0
785,0.41462412372702373,instore,4,0,0.6515156833288924,False,0
8236,0.08534966807864386,online,1,1,0.21078144935468823,True,1
1595,0.5021950103312426,instore,18,1,0.8564934027625736,False,0
3953,0.5953850173200438,instore,5,0,0.83506594545502,True,0
7565,0.06707647738842748,instore,19,1,0.9273551805862972,False,1
3083,0.7499604703991778,instore,15,1,0.36588580955688044,True,0
1031,0.20990559309558576,online,8,0,0.3180495725509187,True,0
3853,0.8980542894407137,online,17,1,0.7494260059808087,True,1
7999,0.20513964048200717,online,1,0,0.431112405097005,True,0
6883,0.03654966784809488,online,19,1,0.2828011306704997,True,1
5685,0.47206694510999925,instore,15,1,0.41858228553148913,False,1
171,0.5648411332626164,online,9,1,0.292516425476252,True,0
4307,0.06570863942835237,instore,7,0,0.3322055709473216,False,0
1005,0.7755276166950106,instore,2,0,0.29377590617439076,False,0
7639,0.4532888347480276,online,9,0,0.041499167183079444,True,1
9477,0.52439026932758,instore,10,1,0.6370947008244425,False,1
1026,0.44076274693822814,instore,2,1,0.5972924203534693,True,0
7879,0.400763060875326,online,19,1,0.6533834984786806,False,1
6449,0.5596403313082179,instore,11,1,0.19230989603362747,True,1
7902,0.1552402459307125,instore,13,0,0.2956545416124853,False,1
6873,0.18192813049527112,instore,10,0,0.6196159269449223,False,0
7926,0.8617856210135173,online,14,0,0.5996275684599214,True,1
8539,0.9461154621336327,online,18,0,0.5063303093542678,False,1
888,0.37330931627975295,instore,19,1,0.3504132500101974,True,0
4897,0.6439995432390158,instore,7,1,0.3397702422988438,True,0
4869,0.4087341710980964,instore,3,0,0.4556191564372516,True,0
6341,0.02538635566034486,instore,6,0,0.6781138309542087,True,0
8694,0.7159722288473975,instore,6,1,0.34688597636438556,False,1
5286,0.02709599250348349,instore,16,1,0.7944808178535061,True,1
2072,0.22197216193294944,online,8,0,0.27812915548661243,False,0
74,0.2310747965880714,online,2,0,0.14225523977681542,False,0
5473,0.10410858198457384,online,12,1,0.08898971485634666,False,1
2037,0.7999160853731894,online,3,0,0.9916960733724518,True,0
2705,0.1785446620543336,online,11,1,0.5410028989276625,True,0
9697,0.6527461078518747,instore,1,0,0.984845743967094,False,0
5268,0.23818278104672652,online,13,0,0.9389964220859776,True,1
5628,0.09944139275934516,instore,15,0,0.45281371421091676,True,1
6746,0.24317219099945409,instore,5,0,0.1984910746053491,False,1
401,0.7222669318556592,instore,17,1,0.16488477656513845,False,0
5902,0.8556964681062857,online,6,0,0.2399893638699575,True,1
3571,0.8302198645669916,instore,11,0,0.7101326405645373,False,1
6194,0.3971835296184548,instore,18,1,0.27294999473148784,True,1
3109,0.6680851365706462,instore,4,0,0.3414252696042983,True,0
6288,0.20498429541582097,instore,3,0,0.4487788039946148,False,0
8402,0.29314773026101326,instore,13,1,0.9132326804214563,True,1
2464,0.08550853085446808,instore,12,0,0.06009641037817015,False,1
9006,0.20788625514602732,online,2,1,0.9047663416801179,False,1
2741,0.026532203873819715,instore,3,1,0.6475164648433631,False,0
8164,0.18143543508979731,online,3,0,0.27304061932780677,False,1
9772,0.5830415609696922,instore,12,0,0.1771925010111911,True,1
8120,0.8926717110769748,online,9,0,0.1147969272512801,False,1
3850,0.8174435617384409,instore,8,0,0.9415329102844411,False,0
1038,0.34181735169787597,instore,11,1,0.7842061743652669,False,0
512,0.3796924081672669,online,4,1,0.864962605115202,True,0
6920,0.5902949425148077,online,1,0,0.2494582042932323,True,0
9072,0.26806364082287626,online,7,0,0.7171205684721935,False,1
6948,0.624148907849134,instore,2,0,0.8561324990137434,False,1
4498,0.4094116521912404,online,5,1,0.3567687116232726,True,0
216,0.5520471808519802,online,7,1,0.7574644454507177,False,0
5144,0.4361265291353167,instore,4,0,0.29507234926430936,False,0
5987,0.29446575954191767,online,5,1,0.2988571352590308,True,1
7045,0.7636057941597608,instore,1,1,0.4400580465093987,False,1
1494,0.14011317576645255,online,15,1,0.7297119064974222,False,0
7868,0.8684679758979128,instore,19,1,0.940220805571285,False,1
873,0.48743119824951364,instore,10,0,0.6037969919290961,True,0
2800,0.8945522268940914,instore,18,1,0.863135537735739,True,0
7418,0.7998552559473152,instore,3,1,0.8224946492902271,True,0
8765,0.42521350446923345,instore,11,0,0.17334305297528085,True,1
5126,0.022469308320117398,online,15,1,0.48581742891263147,False,1
6029,0.2686773593849461,online,11,0,0.11692353552539148,True,1
1767,0.5416342146608669,instore,17,0,0.682153161561635,True,0
7584,0.6334782198261473,instore,17,0,0.949899668246076,False,1
6384,0.2578876854332023,online,6,0,0.1370894580787565,False,1
6902,0.13935607407282413,instore,5,0,0.7338831308025413,False,0
1688,0.8349302367992991,instore,8,1,0.632238150867861,True,0
3252,0.9844021807035521,instore,2,0,0.5836050370080997,False,0
4646,0.5256901823026858,online,16,0,0.39012023468833923,False,1
1069,0.1716792858483035,online,12,0,0.35513164775381256,True,0
6678,0.27230732651936895,instore,6,0,0.04524918901888786,True,0
9924,0.018390676547466733,instore,1,1,0.21790870825201347,False,1
5925,0.11775108289014113,online,17,1,0.5814171055820205,False,1
9799,0.5765164755142536,instore,13,0,0.10585323587790885,False,1
2703,0.274055220687206,instore,18,1,0.8730193940297161,True,0
3637,0.5541780025157934,online,5,0,0.5231430206971652,False,0
9565,0.6514203883518642,online,3,0,0.6996899090587084,True,0
5460,0.8297418037072016,online,11,1,0.41085709184049646,True,1
1673,0.2064212717606032,instore,13,0,0.5605798090010486,True,0
9731,0.010995828658480478,online,4,1,0.9426591769666305,False,1
5602,0.13688563006880727,instore,14,0,0.08273403962367076,True,1
1316,0.8738900775625152,online,10,0,0.7799883269105443,False,0
6786,0.5974131021703083,online,19,0,0.09873720688266585,False,1
5874,0.6005168604336534,online,18,1,0.07566110390411085,False,1
9484,0.6650366745462555,instore,6,0,0.36154139875403857,False,0
7536,0.1753712786234496,instore,15,0,0.09216795847243231,True,1
8911,0.9144119459249598,online,10,0,0.5850784422062031,True,1
5585,0.4187705248920731,instore,5,0,0.22627525081659983,True,0
5540,0.38313852824949746,online,5,0,0.8956979631993723,False,1
4423,0.5189177052828375,online,10,0,0.7835000808452567,False,0
3758,0.046965966775055046,online,5,1,0.6997052060994762,True,0
673,0.1662833687560794,online,3,1,0.6169440273845019,False,0
2008,0.7380336164263704,instore,6,1,0.8634657303414633,False,0
8004,0.08279866792512647,online,4,0,0.22306206154275687,True,0
1505,0.6031521094663882,online,18,1,0.8731088427642276,True,0
3314,0.24534910968132095,instore,9,0,0.7894922984240523,False,0
5242,0.28869373677069987,online,13,0,0.561255678074924,False,1
1863,0.35567271646494913,online,15,0,0.2462441609706001,True,0
6595,0.7190459051842455,instore,17,1,0.42354791599189634,True,1
1301,0.297121715623175,online,13,0,0.7935706545388016,True,0
7564,0.47605040219909966,online,4,0,0.7820507692637583,True,1
7290,0.6636711653626481,online,5,1,0.2400707404875665,False,1
1646,0.936829739324758,instore,5,1,0.14430920072160303,False,1
3706,0.7325720972102503,online,9,1,0.11570131818030216,False,1
708,0.21494037859075676,online,17,1,0.027250011950815112,True,0
4747,0.031183135061284672,instore,13,1,0.5235864852214529,True,0
864,0.2622640442998251,instore,2,1,0.21825987269372948,True,0
5865,0.05142581348425035,instore,19,1,0.5744367558722058,True,1
7402,0.49636624720123634,instore,3,0,0.13788526935601042,True,0
6538,0.5968428489168892,online,10,1,0.6887625408113653,False,1
5259,0.3342438908169608,instore,2,0,0.8977435665097253,True,0
5182,0.7709122037458219,online,13,1,0.7451794953696144,False,1
1717,0.1065982531337718,online,19,1,0.07643986103944767,True,0
5801,0.07513778173580876,online,17,0,0.8958841811926596,True,1
9935,0.7281887562036033,instore,14,1,0.7939293858599648,False,1
5545,0.49549131620619846,instore,12,1,0.15830390010561435,False,1
4941,0.688402396427736,online,12,1,0.051785888732816865,False,1
3520,0.4348273386037462,instore,11,0,0.5573105753143085,False,0
212,0.2464020332391068,instore,7,1,0.1560358113399769,False,0
4228,0.8191023176741997,instore,4,0,0.834590952595272,False,0
4399,0.6946964708544268,online,1,1,0.9128924447365754,True,0
2337,0.2721451372299627,online,3,0,0.5656881721410058,False,0
8014,0.5902306668690871,instore,13,1,0.18267238423966814,True,1
2941,0.3609738969400268,online,15,1,0.1395988673598001,False,1
7787,0.09158207332663415,instore,2,0,0.5764724375577539,True,0
207,0.9173135754622428,instore,11,1,0.7618836118624439,False,0
7135,0.1368186309189614,online,4,0,0.7815056477421821,True,0
1940,0.9502373538208024,online,19,0,0.2757574044412813,True,0
6297,0.44600577295795574,online,17,0,0.20424675891216748,True,1
8810,0.18513292883861965,instore,3,1,0.016756304492382412,True,1
9349,0.5419009473783581,online,18,0,0.6791991512011694,True,1
4292,0.8729458358764083,instore,8,0,0.07656825843353898,False,1
9996,0.8065611478614497,online,5,0,0.6016821640182961,False,1
669,0.6587833667107174,instore,7,1,0.937108944919677,True,0
2821,0.6922765645178525,instore,8,1,0.31180213695576864,False,0
7108,0.8491956515653193,instore,5,1,0.24977216244651979,True,1
6556,0.24966800885918594,instore,17,1,0.6541601542860984,True,1
9571,0.4894249636431405,instore,5,0,0.6192390320535817,True,0
1996,0.22120944181960223,instore,4,0,0.3321097833081246,False,0
8348,0.987668007996647,instore,19,0,0.9281018355097865,True,1
2921,0.9440593396866133,instore,2,0,0.8448623274896327,False,0
1744,0.0394268113685059,online,11,0,0.22398254586508115,False,0
1853,0.7055751725156885,instore,13,1,0.23914254543452318,True,0
8690,0.9252483174156658,instore,15,0,0.5123003468870806,True,1
2986,0.18057534512733353,online,12,0,0.7735721017307203,False,1
1969,0.5679452305526295,instore,11,0,0.04404037938846439,False,0
6704,0.03394597858579884,online,5,1,0.648235897382097,False,1
2395,0.6974202672468399,instore,17,0,0.23148009591298824,False,0
4746,0.29734900737255077,online,9,1,0.6813530132413488,False,1
1812,0.9243961953765304,instore,14,0,0.9401831912520826,True,0
8165,0.9710582451653678,online,12,0,0.04678584497176852,False,1
8130,0.9442664891134339,online,6,1,0.31965205529206253,False,1
5544,0.8620426509893134,instore,19,0,0.8992603589246896,False,1
4071,0.8445493985350704,instore,19,0,0.9622614466091567,True,0
272,0.31910047324325563,online,16,1,0.44411524649633227,True,0
8825,0.03700763471549262,instore,12,1,0.531661023764483,False,1
9218,0.596269878482053,instore,6,0,0.5377829347413765,False,0
2059,0.23000883728770305,online,4,1,0.27809951506635644,True,0
5433,0.12056688577727881,online,6,0,0.21695624586387952,True,0
4558,0.07695320162920916,instore,11,0,0.28800534592404115,True,0
3118,0.6962887758781398,instore,1,1,0.5563280072570793,True,0
7168,0.33987496376806614,instore,15,0,0.029155186022088997,True,1
7410,0.7247667715287615,instore,11,0,0.9072489443564058,True,0
9884,0.31529033783061033,online,18,0,0.22008867687138656,True,1
2265,0.5394912923753372,instore,17,0,0.5182761764476463,True,0
1164,0.7907231648389635,online,19,0,0.7101147663372793,False,0
4509,0.3187525029320699,instore,14,1,0.0957290547443973,True,1
6305,0.6258913764370091,online,18,1,0.3176946975471622,False,1
9898,0.6158631881823046,instore,15,0,0.2623429667809457,False,1
1658,0.23295947475363377,online,15,0,0.3130501450631469,False,0
5549,0.02440078155653802,online,4,0,0.8364984906180335,False,1
9647,0.8700988739009299,instore,7,0,0.05021443169045525,False,1
4209,0.021269410850387138,instore,13,1,0.46461316880897086,False,1
8455,0.8747016726841994,instore,3,0,0.37961676445167025,True,0
2567,0.528937134027212,instore,16,0,0.31658675990865115,True,0
5602,0.9390676985128962,instore,9,0,0.2856995940447645,False,1
108,0.7987832357736654,online,8,1,0.0913741048604092,False,0
2971,0.35071181545171015,instore,17,0,0.04305240271566857,True,0
4983,0.7671882889311269,online,17,0,0.7809638636444353,False,1
4443,0.40193091360924216,online,17,0,0.39822779395801167,False,1
2879,0.47987562030390885,online,1,0,0.4439038323199116,False,0
966,0.6275054632183701,instore,8,1,0.8935945864501316,False,0
8362,0.8736771141863388,online,19,0,0.6580549838612207,True,1
6954,0.7682734138645182,online,3,0,0.943174822961285,False,1
4503,0.41776678216733376,instore,5,0,0.23714446597771122,True,0
9502,0.4213570022770702,online,13,0,0.10761418475985884,False,1
4921,0.7375823015888915,instore,15,0,0.7681281783808822,False,0
3997,0.23877714576830233,instore,14,0,0.5004773158667182,True,0
9729,0.11047411313139466,online,16,0,0.43377056601801756,True,1
6025,0.35462215764077654,instore,18,0,0.24950307968274177,True,0
1228,0.28723899165408173,instore,11,0,0.5474714898623186,False,0
4506,0.2963081204559901,instore,3,1,0.27438460520258745,False,0
4745,0.23360775104990994,instore,10,1,0.9015830052870676,True,0
4565,0.04209318963636188,instore,10,1,0.2152044797331928,True,0
9156,0.01787393473341381,instore,16,1,0.8843551504557535,True,1
8060,0.9877223897360315,instore,12,0,0.559405425727357,False,1
3456,0.42777313373586234,instore,2,1,0.828488133895241,False,0
1055,0.3843266471596817,online,9,1,0.712845995860955,True,0
1703,0.21825388786506417,instore,15,1,0.3243458076950557,True,0
3446,0.9499611839502253,instore,3,1,0.23389693147220347,False,1
8764,0.786345014415552,online,19,0,0.21088622768078813,False,1
5905,0.08941100231225951,online,18,0,0.8571916570595887,False,1
3364,0.41758077578492836,online,8,0,0.82042682025902,False,1
235,0.8791183075621647,instore,17,1,0.4405735280123073,True,0
4903,0.9447320222914103,online,8,1,0.1324046134964546,False,1
7032,0.4674015112498697,instore,7,0,0.3822522519774584,False,0
9161,0.6134113892107077,instore,7,0,0.6193434541369114,True,0
8006,0.9911686261369765,instore,1,0,0.780189268482995,True,0
9017,0.2316717013834434,instore,4,1,0.9976228222513854,True,0
7693,0.9427317741351257,instore,5,0,0.19113208844889684,False,1
4652,0.6496466489923685,instore,1,0,0.45965081965957244,False,0
7689,0.6077367948788591,online,15,1,0.43098390192082203,True,1
8218,0.5126885110165086,online,5,0,0.30449253274895083,True,0
7349,0.2306698117177587,instore,13,0,0.19809551672028958,True,1
9445,0.17652803200550826,instore,8,0,0.06569211648965922,False,1
2215,0.22048620907017535,online,8,1,0.8871193172236984,True,0
1079,0.18643826214425452,instore,5,0,0.4198486976863176,True,0
3454,0.7795844735667533,online,9,0,0.49689551850004887,True,0
1070,0.3501252591667301,instore,1,0,0.9169420482009158,False,0
2337,0.05784267656339637,instore,4,0,0.7762904775159478,True,0
3430,0.9691026301408113,online,3,0,0.1305012641171842,False,1
311,0.8837858849634257,online,2,0,0.5654199676077424,False,0
616,0.927752283195213,online,8,1,0.4422522765195591,True,0
3180,0.9949078226464353,online,9,1,0.7972110725787628,False,1
709,0.1738952492194873,instore,2,0,0.7242325476119492,True,0
5098,0.39624201890265875,online,14,1,0.690405721911072,False,1
9341,0.7582384757040913,instore,14,1,0.3405448354798969,False,1
200,0.6960206180537922,online,4,0,0.8049637303992545,True,0
990,0.15389590633985506,online,6,1,0.05239129559486122,True,0
6112,0.22444057183666066,online,3,1,0.3356232729779117,False,1
1194,0.22381761482262308,online,8,1,0.07680744106928128,False,1
3337,0.5369744228934136,online,3,1,0.2349942775346916,True,0
3404,0.5929399348417032,online,14,1,0.8301509829979181,True,1
8329,0.5800862078378112,instore,13,1,0.9482515377900793,False,1
1826,0.09148683739775487,instore,13,1,0.3046023557741905,False,0
6719,0.26560004258870606,online,13,0,0.2798926522464269,True,1
579,0.12951492128280417,online,19,1,0.27771908735084383,False,0
5452,0.8887480798689772,instore,6,1,0.03593018218597299,True,1
1905,0.9556514982297534,instore,16,0,0.9269163463311081,False,0
2743,0.8621276172654506,instore,2,1,0.2136981415703284,False,1
3873,0.8095160747248781,instore,8,1,0.42000407408140494,True,0
4024,0.5508573706091393,online,2,0,0.8579550909150572,True,0
1696,0.08698675991141014,online,10,0,0.7311573444549172,False,0
7816,0.372688517012314,online,6,1,0.7816154791963991,False,1
164,0.2597537837603262,instore,2,0,0.31370651205206523,True,0
1419,0.7234201136885849,instore,2,0,0.24787335872842364,False,0
794,0.4958757350787708,online,13,1,0.697716307553293,True,0
7353,0.6832587636595959,instore,7,1,0.006257471026470229,False,1
7216,0.07613085949030018,instore,3,0,0.06188570168047525,False,1
5606,0.8512069140487687,online,8,0,0.5353679411816512,True,1
5811,0.4951465270139743,online,14,1,0.5660716464481651,False,1
2816,0.480586577326648,instore,7,0,0.7514529444593436,True,0
547,0.5924077846595176,online,7,0,0.13196531962396174,True,0
1851,0.34780920790219305,instore,17,0,0.1944476444316886,True,0
8726,0.6780161525590636,online,9,1,0.09319611956269469,True,1
6981,0.5657319639957911,online,13,1,0.4104957940605546,False,1
5635,0.2670282701694213,online,19,1,0.16333664808905723,True,1
2960,0.878629986355158,online,19,1,0.2217819781923186,True,1
8002,0.7974260216069281,instore,17,0,0.31755457986950175,True,1
4790,0.6584518346584255,instore,10,0,0.25938840074319625,True,0
8183,0.7083629767150348,instore,8,0,0.19324941523416816,True,0
4505,0.837013328363672,online,18,1,0.050559187959538954,False,1
9173,0.6974714616692836,online,14,1,0.6264570196769271,False,1
6012,0.6801407717603004,online,18,0,0.28732671650890196,True,1
6624,0.6186113782151843,online,14,1,0.279745967769071,True,1
9368,0.7527166395576412,online,15,0,0.33199829423776517,False,1
5929,0.1586051052930737,online,4,0,0.6627962742097216,False,1
863,0.8808707591989284,instore,13,1,0.8706338814834905,False,0
4156,0.871843527745232,online,8,0,0.7590869325556384,False,1
3779,0.029247283034559146,instore,18,1,0.727529230225095,False,1
584,0.8258167505647627,instore,12,0,0.48439118560084926,True,0
1158,0.1288698674734452,online,14,1,0.6938055569674118,False,0
6303,0.3351188542591419,online,2,1,0.5527623680335831,False,1
6467,0.7435082562916078,online,18,1,0.2162505281865289,False,1
7519,0.1607598960483082,instore,2,0,0.20858836774105072,True,0
9917,0.8179670241190622,online,11,0,0.29639200687528344,True,1
4787,0.8321341779577419,instore,9,1,0.9108026709698133,True,0
3864,0.5074677337608362,online,12,0,0.5474148403797259,True,0
2501,0.00638587171683358,online,17,1,0.7339053770018694,True,1
3134,0.2870381331749128,instore,15,1,0.3465587598165476,True,0
5701,0.6169269183757422,instore,17,0,0.40771577066522524,False,1
14,0.6318135270166684,instore,6,0,0.17129495782167037,True,0
5325,0.6340057030996114,instore,18,0,0.5848386316888821,True,0
4879,0.5399853797158555,instore,8,1,0.3375324658838189,False,0
886,0.7798453951511436,instore,9,1,0.802851208995546,False,0
9193,0.10698063882695841,online,6,0,0.24651990563798298,True,0
7037,0.761027902502028,online,5,1,0.9760326986002038,False,1
4152,0.5412665786761103,instore,12,1,0.34481760774616976,False,1
7089,0.3418721660386861,online,1,1,0.3119119055367052,False,1
7997,0.6326218931339481,instore,11,0,0.12211151592428793,True,1
6809,0.9320281055100175,online,19,1,0.11113714733201241,False,1
4475,0.10250972799067926,instore,9,0,0.6481050345341234,True,0
645,0.9372284872364511,instore,2,1,0.875118044558047,False,0
1703,0.6878857223008134,online,12,1,0.7905205102716735,False,0
4762,0.30096356694681625,instore,4,0,0.5455821217920664,True,0
8321,0.7081720886452816,instore,18,0,0.10559154597664,True,1
840,0.0673506014687717,instore,15,0,0.045294643613077445,True,0
5187,0.5821704601762733,instore,19,0,0.6563858593847672,False,1
9571,0.34588305695295674,online,13,1,0.5351523336803503,False,1
8942,0.6209155177674771,online,19,1,0.08202368521147085,False,1
8318,0.04574203381251285,instore,17,0,0.034939246405988444,False,1
5959,0.8715368061523763,instore,6,0,0.9897564134093346,True,0
2848,0.9734889691773969,online,16,0,0.030021332149071878,False,1
1160,0.9688778552856915,instore,12,1,0.44452825305015964,True,0
7570,0.7496518317429247,online,19,0,0.5046190246076956,False,1
1941,0.13008624013063197,instore,5,0,0.11728014780044504,True,0
9214,0.7582631959290226,instore,17,1,0.16906177843971626,True,1
1674,0.02458691645880151,instore,1,1,0.3518050064103525,False,0
1091,0.022123551528997254,instore,10,0,0.7616758762136626,False,0
522,0.32361021914954125,instore,15,1,0.5070824240602667,True,0
7815,0.48864319040466575,instore,11,0,0.6379018745529615,False,1
5247,0.7704074178077932,instore,13,1,0.9851745550906748,False,1
569,0.6832953766065052,online,5,0,0.7680054353132096,True,0
3682,0.44590270637674834,online,1,0,0.4343614981412177,True,0
7414,0.2736266662816659,online,12,0,0.44644192179654874,True,1
3353,0.9971245001577111,instore,11,0,0.618772077041005,True,0
4080,0.42618130223597295,instore,17,1,0.6653652084189043,False,1
9672,0.4513870243296755,instore,4,1,0.5007109258366713,True,0
590,0.16362382119166918,instore,15,1,0.6448612228149799,True,0
7014,0.7948095487499294,instore,9,1,0.02353249441409877,True,1
8140,0.6936822257814886,instore,19,0,0.4296228638968441,False,1
3157,0.2207696127887604,instore,19,0,0.27893807607347676,True,0
4259,0.0823810456158427,online,12,1,0.1291744452431104,False,1
1689,0.6804993020747131,instore,5,1,0.09954651280877513,True,1
3516,0.6545112142811352,online,10,1,0.6031921656146675,True,0
7263,0.2732595269982093,online,17,1,0.5236005471526117,False,1
2754,0.9508635622504104,instore,5,1,0.2535841169963692,True,0
9445,0.15105789178090023,instore,16,0,0.4709500587725145,True,1
5198,0.4323348010426019,online,7,0,0.4922323151824083,False,1
2151,0.9436159201675989,online,9,0,0.1950089804386158,True,1
6627,0.4197273169261223,instore,3,1,0.6520930618816506,True,0
2489,0.6385259476640855,instore,15,1,0.7809193563860904,True,0
6494,0.3975943979627943,online,16,1,0.791463540889519,True,1
7431,0.9839776479598282,instore,14,0,0.5116385825190141,True,1
9959,0.409334006315043,instore,3,0,0.06100714300539489,False,1
5891,0.22995460589108618,online,9,0,0.0932714467781699,False,1
6675,0.2131047040250833,online,7,0,0.9638231608784736,True,0
2859,0.03113408288451136,instore,9,1,0.1350801462257607,False,1
7400,0.651666825375885,instore,13,1,0.15177540985110205,True,1
6915,0.36852634372376114,online,18,1,0.8895766183304922,False,1
2499,0.864358249839637,online,5,1,0.9439282834764579,False,1
9833,0.47320990669155716,online,13,1,0.7658290392349099,True,1
9217,0.9681934279147217,instore,4,1,0.00540492367266987,False,1
4621,0.8686231679556108,online,16,0,0.3781007697874508,True,1
2849,0.7765968527917417,instore,9,1,0.14339537001089253,True,0
8537,0.770921844644052,instore,9,0,0.018386142151597284,True,0
5888,0.8447832281168877,instore,6,1,0.4640666894045047,True,1
9097,0.7610239909429989,online,11,1,0.9430618974069715,False,1
6313,0.6262203216314154,instore,1,1,0.3238195749024314,True,0
861,0.13124487768238757,instore,4,1,0.6611406784286965,True,0
1697,0.032526179491251916,online,13,0,0.6522353531324407,True,0
6843,0.9208478478156868,instore,13,1,0.25108010366516775,True,1
2437,0.616650314520738,online,13,0,0.6504252488238643,True,0
9770,0.7965372909761763,online,2,1,0.21233397428689127,True,1
4010,0.4815223515125501,instore,9,1,0.12200741357688905,False,1
2748,0.12518579220255044,instore,7,0,0.11344081710391674,True,0
5742,0.6855652872289714,instore,4,1,0.9969092185893553,False,1
5397,0.4303058948994627,instore,18,1,0.18345240115022932,True,1
8012,0.20052472670033672,instore,3,1,0.5941418627564575,True,0
5546,0.4915945467414369,online,6,0,0.4113745714125894,True,1
3923,0.06420893707513409,online,12,0,0.1263864224056671,True,1
1076,0.5819714019143988,instore,12,0,0.027843907577413396,True,0
7733,0.26899340443509767,online,8,1,0.6227322822928333,False,1
4390,0.7975591006371882,instore,1,0,0.8067575637891261,False,0
4117,0.31036195892357377,online,4,1,0.842015661506744,False,1
5736,0.4552201490818012,online,11,0,0.48271347307693446,False,1
3383,0.011620539908100636,online,3,0,0.7774554671823856,True,0
8955,0.07244688779455888,instore,13,1,0.6728471334885447,False,1
2092,0.3924935564066848,online,17,0,0.7242545274991332,True,0
6758,0.6000205481193037,online,12,1,0.6334117402421271,False,1
427,0.6949818861265425,online,10,1,0.39788417555702305,False,0
3984,0.039618825348357145,instore,5,0,0.16590102437078624,False,0
3277,0.48050694725782894,instore,6,1,0.024684157224584613,True,0
835,0.10493017841817487,online,2,0,0.36275360039915205,True,0
7678,0.24204501586252747,online,17,1,0.5466963282963399,False,1
5755,0.9866625932671464,online,4,1,0.8398203522034884,True,1
422,0.49888815345135606,instore,10,0,0.8002063476835791,True,0
7553,0.6181557343181191,online,3,0,0.863009046067227,False,1
7597,0.702464970544104,instore,3,0,0.1506874870008338,True,0
738,0.5596486834869141,online,15,1,0.851594319304219,False,0
7174,0.00977084741918366,instore,6,1,0.991453567842792,False,1
5998,0.5177116433847114,online,12,0,0.784769681824988,False,1
2514,0.08786649914483335,instore,11,1,0.9944152675588734,True,0
2977,0.35062693120918076,online,4,1,0.6054812505259454,False,1
2796,0.033203108791366565,online,6,1,0.3078863820162494,True,0
1132,0.07857849715502074,online,1,1,0.8375308340760557,False,0
4089,0.39692327620159606,instore,16,0,0.6144857775116312,True,0
1581,0.13271575404306035,online,15,1,0.5811954237209566,False,0
5083,0.5675408482615582,online,17,1,0.25363555551403827,True,1
5114,0.6894649691372657,instore,8,0,0.7563342695828866,False,0
9889,0.2001502442448101,instore,10,1,0.9242870707946612,True,0
6816,0.16748258225906976,online,15,0,0.32582346077048474,False,1
7367,0.10456784033440025,online,9,0,0.12777465278999045,False,1
3450,0.6364302495436367,online,2,0,0.4423665331024188,False,0
3776,0.7064757264869012,instore,5,1,0.042469909256533156,True,1
5654,0.03158614482564204,online,6,1,0.6846261942649663,False,1
2924,0.9362122462436898,online,7,0,0.9027055104453562,False,1
4978,0.05197128365147241,instore,1,0,0.8372630071385088,True,0
8797,0.7090605194509164,instore,12,0,0.12627113710773186,True,1
738,0.8709691237460856,instore,16,0,0.8134344823242641,True,0
1375,0.7140869321324278,instore,16,0,0.9242542746031159,True,0
4502,0.8017280830697918,online,11,1,0.46066982983348914,False,1
708,0.33945019254280606,instore,4,1,0.49897111691376594,False,0
7196,0.8148251137465122,online,13,1,0.3182620413857259,False,1
405,0.08011484638467514,online,7,1,0.894265118256414,True,0
7410,0.8948166560605276,instore,4,1,0.6449029052923559,False,1
8092,0.5475923761537362,instore,15,1,0.2882515771673685,True,1
4181,0.8172977699624937,instore,19,0,0.2987828710542516,True,0
4370,0.45231828451830014,online,9,1,0.8912000730636024,False,1
2512,0.643577695196525,instore,11,1,0.013634023905821469,True,0
727,0.5264026609361132,instore,8,0,0.3227265727266384,True,0
2792,0.7315895217553319,instore,1,1,0.554356681216369,False,0
4956,0.08162998203058958,instore,8,1,0.14821746209932463,True,0
8345,0.24710323401014644,online,4,0,0.81527633109056,False,1
4990,0.15954468011318834,online,8,0,0.8944043886485072,True,0
7276,0.8717835665922017,online,3,1,0.8236064207981895,True,1
4501,0.21921398735804432,instore,9,0,0.8987878897373477,False,0
7202,0.9758652558191313,instore,2,1,0.5531119710583715,False,1
5598,0.33689579177110685,instore,2,1,0.8122581209903419,False,1
3646,0.7896985071424791,instore,15,1,0.6662678614790385,True,0
1177,0.6587077755008761,instore,12,0,0.9888355313891645,True,0
1072,0.498195716453139,instore,4,0,0.22572772383912743,False,0
2166,0.5553635509376312,online,8,1,0.3898997462910806,True,0
7870,0.7192017782722638,instore,9,0,0.4800473773100856,True,0
5171,0.22845474133129873,online,5,1,0.13801548702005173,False,1
5315,0.9963339160567419,instore,18,1,0.08103861046505678,False,1
9358,0.19954245092914513,online,9,1,0.40472506382965867,False,1
7340,0.6802282424312913,instore,17,1,0.08764983619465327,False,1
5344,0.07219840897917584,instore,12,0,0.06581176069057648,True,1
8934,0.030652502205806065,online,7,0,0.8913182063602987,False,1
4340,0.2576828885112137,online,10,0,0.46381424972767993,True,0
8020,0.4626229567393163,instore,10,0,0.3200273165623919,True,0
4856,0.727169069766308,online,19,0,0.31830409469234733,False,1
6741,0.742706521199981,instore,11,1,0.48903577530762,False,1
7251,0.42549333444807536,instore,13,0,0.8595563969179368,False,1
963,0.3459349925469629,instore,8,0,0.5923013710620957,False,0
2549,0.3710387629846027,instore,8,0,0.6946537728101754,False,0
7066,0.9876495637360578,online,4,0,0.3646706762343366,True,1
1552,0.04010919141248248,instore,15,0,0.7385058785105187,True,0
1201,0.5786754085723934,online,11,1,0.11956199775205645,False,1
6323,0.43861541918959046,online,1,0,0.5726428531155846,True,0
6948,0.7252576604151365,instore,17,0,0.256743496309758,True,0
2691,0.48666894142470285,instore,15,0,0.8040956696335928,False,0
9419,0.8734232380816606,instore,6,0,0.42593770846693946,False,1
1550,0.9007018640112585,instore,15,1,0.9946841651964872,True,0
5551,0.2768277972350516,online,14,0,0.7803478627401585,False,1
1375,0.912363345616691,instore,17,0,0.7674988305907054,False,1
8701,0.21066218900566658,instore,18,1,0.30752979549045634,False,1
9882,0.6229665835634828,instore,5,0,0.4920544893824006,True,0
8712,0.6315602200925206,instore,9,1,0.7965085197237084,True,1
4322,0.1315676851272598,online,1,1,0.22603319678865208,True,0
1334,0.7158249646820886,instore,18,1,0.5510509532949324,True,0
9357,0.909032520665641,online,6,0,0.5235635795298558,False,1
3151,0.17968310887024197,instore,2,0,0.28226247041293284,True,0
7429,0.23754332492387764,instore,15,1,0.29807565052482277,True,1
3496,0.9713950940416396,online,14,1,0.2778451632065655,True,1
1820,0.18097695270948977,instore,5,0,0.7715120619984877,False,0
6598,0.8543850933695791,instore,6,1,0.6519008655624606,False,1
2933,0.4922778564480348,online,6,1,0.8324171834102527,True,0
4196,0.8707499012725114,instore,14,0,0.4741642962719864,False,1
8915,0.4453052550026655,online,10,1,0.06669388140544885,False,1
5987,0.5148173539296902,instore,14,1,0.04809231041203543,True,1
4758,0.5929508514349274,instore,3,0,0.9325445893524509,False,0
4859,0.16352387258502277,online,6,0,0.5232130549708749,True,0
9445,0.3910815366517607,online,8,1,0.27178651608012916,True,1
3719,0.9694123223352875,online,12,0,0.39916679451101955,True,1
9283,0.25813343270112754,instore,13,1,0.5985951074046708,True,1
6629,0.6567366645412922,online,11,0,0.6529496581378422,True,1
8657,0.3251900642246949,online,12,0,0.15391950978290503,False,1
9096,0.7734731256866006,online,1,1,0.977031676545176,True,1
9586,0.13087366071834983,online,17,0,0.5447722269827888,True,1
3082,0.9698210450785447,online,16,0,0.1356883177922793,True,1
6540,0.45378954138363925,instore,11,0,0.8936352533461337,False,1
514,0.23605046334646396,instore,13,1,0.0746384310794288,False,0
1224,0.07349674733001266,instore,18,0,0.9077354331775127,False,0
1541,0.16975790508754074,instore,11,0,0.9965656562889824,True,0
7586,0.5197739485560177,instore,12,1,0.7004317991565039,False,1
833,0.3370031764312863,instore,6,0,0.7704472210739898,False,0
938,0.8288833658826095,instore,9,0,0.3373028364674864,False,0
5039,0.43088752366180594,online,16,0,0.9415768527339338,False,1
143,0.2487142725876299,instore,4,0,0.5297139661083676,True,0
2115,0.61714498660403,online,3,0,0.7323884465975549,False,0
3637,0.7067772168854458,online,16,1,0.9241077159112795,False,1
6326,0.16704190790094986,instore,12,1,0.9751799759755083,True,1
1862,0.16761921628831766,online,11,0,0.8332043565966744,True,0
4920,0.03667142693354297,online,5,0,0.30301750698203,False,0
4185,0.7364020150656405,online,18,0,0.9665475165520824,True,0
9452,0.4746308757498139,instore,6,1,0.9306424763519598,True,0
6200,0.8441704489691971,instore,18,0,0.6761050258143518,True,1
1266,0.8056701529500532,instore,6,0,0.3072389618477205,False,0
3386,0.5853543643967521,instore,4,1,0.37002452414281595,True,0
5655,0.8682712805132586,instore,12,0,0.5504717771029405,False,1
3496,0.20584121003676825,instore,19,1,0.790014841559882,True,0
3594,0.11191961939772788,instore,2,1,0.31798255134033493,False,0
9598,0.2697496115169896,instore,17,0,0.5797311661341921,True,0
8063,0.05708685608931485,instore,11,1,0.34562499357640153,True,1
3340,0.531169528001032,instore,11,0,0.8157694046351072,True,0
2713,0.9366056922949615,online,16,0,0.46672809376795044,True,0
8672,0.03934354066850965,instore,2,0,0.07672282685288523,True,0
7124,0.4521990282834353,online,8,0,0.06110466761963229,True,1
1363,0.9338750175279049,online,13,0,0.49930294601432523,False,0
5073,0.3161561049767505,online,10,1,0.10633729734822717,False,1
8559,0.5072348086883924,instore,8,1,0.1141399693096321,False,1
7585,0.0415728590503921,online,4,1,0.941048260038377,True,1
677,0.14834320096208886,instore,15,1,0.8726550721760554,False,0
4478,0.9866301229588469,instore,1,0,0.452086596811366,True,0
3729,0.951811785423239,online,17,1,0.6139794562733938,False,1
2755,0.6391199378155004,online,18,0,0.6164281773718701,False,0
7493,0.8679182945200221,instore,12,1,0.4574430558698882,False,1
549,0.4547398556338591,instore,9,0,0.39694797293429285,True,0
4974,0.5155960285792502,online,5,1,0.4553831354806076,False,1
4845,0.4888465802569202,instore,10,0,0.4149604360796805,False,0
3785,0.6668642575461043,instore,4,0,0.7304924774822994,True,0
6052,0.1396512547563129,instore,5,1,0.13535543497328406,True,1
7112,0.029973589872677953,online,10,0,0.19763922059113015,True,1
7322,0.3079299415911909,online,11,0,0.1805182283924236,False,1
5330,0.7046807627366467,instore,10,1,0.26247058512126453,False,1
6142,0.20185345212294836,instore,8,1,0.5252584187815833,False,1
7901,0.6734324333249173,instore,2,1,0.11120874733821873,False,1
2789,0.9699120461072704,instore,8,0,0.8681692953265041,False,0
934,0.09390071578941839,instore,16,0,0.2973615313084723,False,0
1591,0.6726021182251263,online,5,0,0.16253798746870785,True,0
7724,0.44375021930457115,instore,3,1,0.6756213095982433,True,1
3334,0.8681422543775054,online,12,0,0.03808630059931928,False,1
7036,0.6926259522261645,online,13,0,0.6981984306764998,False,1
265,0.8381152896481102,instore,10,0,0.21491653138671918,False,0
4814,0.9446142194740232,online,4,0,0.04196407344363429,False,1
1848,0.6832480282896458,instore,9,0,0.3636453589194496,True,0
19,0.4971747640084273,online,2,0,0.09859423024193648,True,0
2881,0.6178472402012138,online,19,1,0.11647784967333707,False,1
7419,0.5706097466388297,online,7,1,0.2954679246267593,False,1
7428,0.03038705969683686,online,17,0,0.5299703410214206,False,1
5134,0.9309486955069778,online,3,0,0.6783918855030131,False,1
1025,0.6895267510315611,instore,3,1,0.5927709408701848,True,0
2203,0.6765133857772465,online,3,0,0.1483603372895168,True,0
8425,0.21567515239771717,instore,17,1,0.17208603245262644,False,1
7459,0.6588854702326572,instore,7,0,0.8787692497929145,True,0
4168,0.3938644056541585,instore,14,0,0.5583523150641136,True,0
3935,0.6512329770414921,instore,17,1,0.869937832897689,False,1
6980,0.10659303030799072,instore,18,1,0.3715465113198744,True,1
6948,0.657845304603036,online,13,1,0.6144000074313238,True,1
1643,0.9771741842213173,instore,1,0,0.46991537203359535,True,0
7276,0.4069079607228706,online,18,0,0.502490876826932,False,1
8712,0.8707534503372591,online,1,0,0.2007709747566786,True,1
394,0.7823854840582735,online,13,1,0.3150103723767316,False,0
414,0.5670162609866678,online,10,1,0.7914097505069756,False,0
8185,0.7384492092513265,online,11,1,0.9157882394541271,False,1
9870,0.404140321651033,online,9,1,0.3069722822090182,True,1
1470,0.6675933855635847,instore,1,0,0.6784911686505812,False,0
7200,0.8078459419412586,instore,17,0,0.3230997016663373,False,1
7150,0.7622851347766157,instore,2,0,0.9877495390991885,True,0
3646,0.7978136488586345,instore,13,0,0.3256848020639532,True,0
4819,0.435583314812933,online,9,0,0.39413604678262815,False,0
4188,0.8178342161750216,online,4,1,0.6033341962120348,False,1
7255,0.12020905537060844,online,5,1,0.801684293191305,False,1
6610,0.5444890979608495,instore,11,1,0.4695186653456337,False,1
6007,0.0057586604981215705,online,19,1,0.42265603378895833,False,1
726,0.3961726916092554,instore,19,0,0.8950652888512458,False,0
7949,0.6954672066898622,instore,19,1,0.14914082593973743,False,1
5575,0.38855810127034573,instore,13,1,0.7859252762089134,False,1
4986,0.23754413087432746,instore,15,1,0.34184728549809207,False,1
3429,0.3732517916293401,instore,7,0,0.8738749555210183,False,0
7249,0.22726962726315147,online,8,0,0.012907227980991975,True,1
259,0.6034485933813779,instore,14,0,0.566892796249536,True,0
8875,0.6682127985550163,online,4,0,0.351542260049698,True,0
780,0.6194903460096145,instore,10,1,0.6103774953183276,True,0
1087,0.3797857801792298,online,18,1,0.11645893048171252,False,1
8437,0.8633336495718252,online,13,1,0.12709624021843924,False,1
8590,0.519081785136218,instore,8,1,0.18928364591600944,False,1
7911,0.47918187762973097,instore,9,0,0.4593314408005428,False,0
4868,0.025642065806435688,instore,16,1,0.7521286995435712,False,1
6554,0.34124782762615635,online,19,1,0.9055388379289011,False,1
4729,0.38019561878585706,instore,16,1,0.8353725302842461,True,0
2824,0.3988227808969005,instore,7,0,0.19688787177568357,False,0
3384,0.5801723692273323,instore,14,1,0.4411505522306324,True,0
1262,0.5336025467268785,instore,14,1,0.199411597758535,True,0
7006,0.6079050927934446,instore,4,1,0.2644718166671908,False,1
4540,0.8129857387160935,instore,3,1,0.06810902472352254,False,1
6891,0.7181230762264944,instore,5,1,0.2181743295932732,False,1
9531,0.01823258267636163,instore,3,0,0.466116292658489,False,0
6251,0.1957779856835461,online,15,1,0.4453865259778722,False,1
6951,0.647474714154603,online,4,1,0.24739974705834578,False,1
9560,0.8980305489499869,instore,2,0,0.8662924359821813,False,1
7012,0.24348229657629927,instore,10,1,0.16462842825866875,True,1
1341,0.9270345447963066,online,4,1,0.41512493953472107,False,1
7658,0.9344360268055143,online,2,0,0.47833548167055584,True,1
5125,0.10142082844921652,instore,13,1,0.8196095530657999,False,1
4647,0.48587175918632564,online,5,0,0.8248537674871036,False,0
4864,0.25677656772050794,online,9,0,0.7877421883023699,False,0
3187,0.28487290196192283,online,6,0,0.2833640688911182,False,0
7740,0.3072899649262866,instore,5,1,0.8372372182218181,False,1
2190,0.8030258978326634,instore,10,1,0.5429981326052693,True,0
4902,0.5391612766752545,instore,8,0,0.37380810886700244,False,0
7053,0.31130769915600365,online,7,0,0.625329959704233,False,1
147,0.6103337833109184,online,7,0,0.012341046060374006,True,0
6337,0.7161506742231936,instore,6,1,0.14296087760075216,True,1
3482,0.27262400073353377,online,3,1,0.7422935381702628,False,1
5459,0.4135491015253515,instore,19,0,0.244161608716153,True,0
2842,0.12188609333694755,online,15,0,0.5980091173287496,False,0
3589,0.18114934953468032,online,4,0,0.38510260282302966,False,0
5981,0.6811178539649828,online,12,0,0.8548057787992615,True,1
4174,0.18143834769562694,online,6,1,0.9524153059966436,False,1
7951,0.5251633836670602,instore,19,0,0.8835647283701904,False,1
4310,0.10687692309474384,instore,15,0,0.19416286904608226,True,0
6279,0.5673122196289035,instore,9,0,0.474434893620735,True,0
3828,0.25656278370136376,instore,5,0,0.007334150836180275,True,0
1916,0.9629268752375798,online,13,0,0.025809392863181735,False,1
6264,0.4835456467199247,instore,18,0,0.5532906396230001,True,1
770,0.8059925497751581,instore,5,1,0.520449404165286,True,0
7840,0.5502265421562618,instore,16,0,0.99458198903526,True,0
6248,0.6331513755940223,online,14,0,0.2581039291604684,True,1
6100,0.951403342206657,instore,16,1,0.11354064232628669,False,1
6041,0.6016118201463312,online,15,1,0.9175430096537447,True,1
7697,0.8191888594267902,instore,4,1,0.7778112444584507,False,1
9101,0.8842064633484078,instore,7,1,0.8223391114568475,True,1
9921,0.22807977194893247,online,16,0,0.9027637879645087,True,1
8482,0.21204483990822665,instore,8,0,0.5248999867258383,True,0
1897,0.6109809888509917,online,17,0,0.4511931914507237,True,0
3276,0.4110284698067047,online,16,1,0.3303914736656165,True,1
676,0.8398613028667203,instore,10,0,0.5892146143478555,True,0
4198,0.9000231233980112,online,10,0,0.4542783967898225,True,0
681,0.3534213793027181,online,2,1,0.4515655866055751,True,0
6787,0.23687055897448206,instore,9,1,0.9369278637311389,False,1
7580,0.7805255152438618,instore,17,1,0.9840315142791302,True,1
7966,0.2748060355481361,online,11,0,0.7964843893295808,False,1
5134,0.8226143185136784,online,10,0,0.7567580902469283,True,1
5595,0.42373825364876283,instore,17,1,0.6805581617791014,False,1
4787,0.6675498992914705,online,4,0,0.1660748523335137,True,0
6687,0.623859324676573,online,15,1,0.6907263151132631,True,1
6386,0.5866084631754741,online,6,1,0.046972991098139794,False,1
533,0.16801420774486342,online,17,1,0.9280517502288481,False,0
2603,0.8627970775432285,instore,19,0,0.2859005337712024,True,0
9955,0.21673980009077565,instore,4,1,0.6723898127987045,True,0
7250,0.09571455552016173,instore,17,1,0.16987259440447633,True,1
6947,0.023638586046336396,instore,9,1,0.05541588844224443,False,1
6200,0.641971500443266,instore,2,1,0.3311464891641498,True,0
5250,0.6070940360887808,online,8,1,0.7659715748551791,False,1
2888,0.23194709611597542,online,7,1,0.6529729219079393,False,1
4153,0.39090599590551467,online,6,0,0.5796190972281366,False,0
3654,0.594476335186173,instore,1,0,0.02221848202558041,False,0
4442,0.4967668588591694,online,15,1,0.9885399870457067,True,1
5821,0.13643975255673313,instore,17,0,0.967802737648485,False,1
312,0.6951445540475938,online,2,1,0.5498641783643982,True,0
648,0.4043187681042921,online,9,0,0.9631590270650665,False,0
65,0.42819961492561476,instore,9,1,0.11475359941383545,False,0
8727,0.7175977656581762,online,13,1,0.4904085191855132,True,1
8160,0.6924361513243696,online,6,1,0.16950409186605864,True,1
2135,0.9912559937021883,online,6,1,0.05097487702244241,True,1
374,0.12839428945412523,online,3,1,0.6175291150623116,False,0
4631,0.7243388171287412,instore,17,1,0.587697018287546,True,0
5136,0.5783869170064091,instore,12,0,0.11236448194898563,True,1
5132,0.27416066655980587,instore,16,1,0.33198647143270277,False,1
1656,0.0794193689889866,instore,15,1,0.7816325580532472,True,0
928,0.08565824959643054,instore,13,1,0.43705152184218765,False,0
2807,0.8941908746641183,instore,1,0,0.6277454148973364,False,1
5880,0.32337156211552076,instore,3,1,0.8437550439872936,False,1
1541,0.22665640222698802,instore,15,1,0.3249227944066413,False,0
8182,0.3549963058319373,online,4,1,0.6872955625825176,True,1
3355,0.06942384274609337,online,4,0,0.9616158070461657,False,0
7683,0.5190597909082704,instore,18,1,0.730243334357868,True,1
6959,0.0676125635922149,online,17,0,0.48987047671774453,False,1
6892,0.8003565078223616,instore,19,1,0.6307174444919292,False,1
1916,0.23371208191043302,online,11,0,0.7396828977631081,True,0
3096,0.5400119146045106,instore,3,0,0.6122757656938724,True,0
8162,0.8800790875614583,online,8,1,0.016675813489839153,False,1
5760,0.6508773690471942,online,14,1,0.19477349768722585,False,1
8915,0.5329577865513353,instore,1,0,0.810468217215466,True,0
1072,0.3243337531153756,instore,14,1,0.2726506473124847,False,0
1986,0.33300191305819793,instore,2,1,0.7315621195611339,False,1
1306,0.6694869551981901,instore,4,1,0.3721202152416987,False,0
6239,0.9941393612211675,instore,19,0,0.5218843281579432,False,1
7651,0.6618391898493786,online,6,1,0.0679732998194037,True,1
135,0.5577834173700249,instore,1,1,0.18122556104970955,True,0
4642,0.7306505102392461,instore,17,1,0.9571969635192346,True,0
6298,0.46520561228371815,online,8,0,0.890138053446914,True,0
3606,0.060142342600785215,online,19,1,0.6522751108990502,True,1
6178,0.5622968158779098,instore,1,0,0.4596445973857374,True,0
9805,0.9576252845053802,online,5,1,0.6757612928952238,False,1
7571,0.17530294235765964,online,16,0,0.618610289093939,True,1
8268,0.6900048908206657,instore,6,1,0.5685522556046121,False,1
242,0.20093368865905648,online,8,1,0.05917707186354182,False,0
9371,0.5358276844730813,online,13,0,0.6328026106615069,False,1
6381,0.09667644964671962,instore,16,0,0.7689200445711684,True,0
4216,0.45037093625818514,instore,3,0,0.9940816546455755,False,0
7953,0.3475715242389821,online,12,1,0.7301734533106766,False,1
6901,0.664911724487218,instore,16,1,0.5717893159359805,False,1
2749,0.23464208185545354,online,4,1,0.4090851486348762,False,1
1771,0.15241601333041743,online,2,1,0.3028298889787422,False,0
3822,0.9270009679242953,instore,5,1,0.7007255212842638,False,1
9514,0.5399571302805596,online,8,1,0.5890200909809116,False,1
1470,0.8420332943764213,online,7,1,0.9386648132933723,True,0
1743,0.5209579772720422,instore,14,0,0.34985438418085446,False,0
1615,0.6235856880027597,instore,3,1,0.24380193771017955,False,0
6777,0.7552704204968079,instore,16,1,0.19881406093740295,False,1
6996,0.12771348363523483,online,19,1,0.3150105071834246,True,1
3527,0.8260676302525284,online,19,0,0.22460244007488483,False,1
3745,0.7820280876703859,instore,18,0,0.06915356771850123,True,0
9362,0.7087446977429764,instore,16,0,0.8274987416356734,False,1
2600,0.3031283559453286,instore,1,0,0.4730275033430207,False,0
1073,0.26311256991084286,online,17,0,0.04331527325431195,True,0
4334,0.3601364074715191,instore,12,1,0.6993394662526431,False,1
9121,0.08764274676383854,online,11,0,0.3305610023062908,False,1
5352,0.9369578230310628,instore,5,0,0.74473672782921,True,1
15,0.5538022407123763,instore,12,1,0.4124030604678661,True,0
7499,0.30552431065802355,online,17,0,0.19575560640562462,True,1
8669,0.3969815170742834,instore,6,1,0.5131750822820359,True,0
8205,0.44720254050483565,online,1,1,0.1305045596374398,False,1
5976,0.6005943333606173,online,5,0,0.44053915987299475,False,1
127,0.9193919732144173,online,5,0,0.9119595841996332,False,0
2561,0.49696348290583026,online,1,0,0.06092872172071995,True,0
4299,0.8514249577450957,instore,16,1,0.1827511659874359,False,1
856,0.2085105143573358,online,9,0,0.31904507433223983,False,0
6326,0.9305952146439163,instore,19,1,0.41551406306206595,False,1
6479,0.11636639788547609,online,5,1,0.9080150893749742,True,1
9343,0.8174497084911916,instore,2,0,0.24257826607382516,False,1
234,0.8779743204450695,instore,7,1,0.3186896039905236,False,0
4218,0.8680566901074503,instore,4,0,0.10467597053553335,True,0
6293,0.8059254001176211,online,1,0,0.1285964859605525,True,1
2058,0.7900304363070614,online,13,0,0.5738505979750267,False,0
6243,0.3046791390980408,instore,7,0,0.06090193309949332,False,1
9775,0.08091928305125218,instore,15,0,0.030930881393566034,False,1
1838,0.40298017876516146,online,14,0,0.7144141014704978,True,0
1927,0.17352451498650867,instore,19,0,0.3616470948410445,False,0
4244,0.6949510889024617,online,18,1,0.12537534923387328,False,1
2036,0.9756102008599149,online,9,1,0.642086507352399,True,1
3754,0.640972077345332,instore,8,1,0.2755365671408512,False,0
9103,0.822480563634361,online,10,1,0.4945211251204079,False,1
19,0.13252467274184843,instore,17,0,0.12169530672667228,True,0
270,0.8620144822726226,online,2,0,0.588093637605447,True,0
6048,0.9227571905133943,instore,6,1,0.31607768384326407,False,1
9875,0.4870619188189359,instore,5,0,0.6269684345287165,True,0
2229,0.6062529377509774,instore,9,1,0.8083948823040229,False,0
7051,0.7648098009029954,online,5,0,0.6116464193899924,True,0
2070,0.17483862726041255,online,18,0,0.29574756259502066,True,0
5297,0.5025660764634424,instore,9,1,0.2557437015483004,False,1
1629,0.3986630277723131,instore,17,1,0.327420958733448,False,0
8522,0.1463739921622491,instore,17,1,0.16462051323650484,False,1
1352,0.36753442229153144,online,12,0,0.18117185085002008,True,0
2834,0.025811906949486985,online,3,0,0.38473257650744497,False,0
2004,0.13516628915482276,online,10,0,0.43599518057058584,False,0
3500,0.9631151115891738,instore,2,0,0.5940494655668112,False,0
9320,0.549529535895017,instore,3,1,0.5896534951515476,False,1
7994,0.96582216115322,online,16,1,0.06737687152192573,True,1
1614,0.432497878330132,online,2,1,0.8315407863376656,False,0
245,0.3118161330852596,instore,10,0,0.17732655322393942,False,0
1918,0.5061418628402441,online,6,0,0.7230716360496688,True,0
8577,0.4395116886329101,online,11,1,0.7726709881281666,False,1
3540,0.10566468426174391,online,7,0,0.7148995340913137,False,0
5266,0.6408263146902062,online,15,0,0.5789776465541452,False,1
9772,0.6502010923981534,instore,12,1,0.6048394293625812,True,1
2570,0.1520248531286481,online,19,0,0.3874512959225387,True,0
5425,0.06134962711066816,online,3,0,0.8634798949128131,True,0
3401,0.7807615860684398,instore,15,0,0.30880227534961535,False,0
5961,0.4598004237693202,instore,2,0,0.29353479245866043,True,0
5478,0.05816379550547579,instore,2,0,0.26599769309265797,False,0
8017,0.9948663171697671,online,3,1,0.3327808689607955,False,1
9074,0.05778056099636664,instore,6,0,0.5574049643141872,False,0
6423,0.9836789252634136,online,10,0,0.6625679177387851,True,1
6951,0.23918010421592562,online,9,1,0.8077178199814796,True,1
4830,0.1213849394224289,instore,16,1,0.8160790423433513,True,0
2908,0.30327514756759555,instore,6,0,0.018945403374354575,False,0
7556,0.10104581101064669,instore,9,1,0.7359179535519887,True,0
87,0.6921613416941319,instore,4,1,0.2083995736183316,True,0
4237,0.5094221281497897,online,4,0,0.6384887847991355,False,0
610,0.9966968538529768,online,1,1,0.3197431954076949,True,1
1075,0.8139702695060188,online,19,0,0.05711716337044326,True,1
2146,0.6152194382310109,instore,10,0,0.13762973439836135,True,0
9520,0.30625362078661167,instore,15,1,0.0009294168699610639,False,1
6953,0.6238958362916385,online,19,0,0.9032236273447073,False,1
7814,0.5270414639116516,instore,16,1,0.02461798384123859,True,1
6575,0.4260833838903715,instore,4,0,0.20945576950951106,True,0
5994,0.13071037674019947,online,2,1,0.41626278068790734,False,1
5152,0.8866042152404667,online,13,1,0.3565713259508191,True,1
4680,0.4497846488213225,instore,1,1,0.9117258769127757,False,0
2200,0.19462251182076507,instore,17,0,0.040288945734542114,False,0
2722,0.41412975252892703,online,4,0,0.680479462524374,False,0
1258,0.733614380561402,instore,17,0,0.620371252123721,False,0
4043,0.7693048936413398,online,9,0,0.8037552360117627,True,0
3697,0.4161539981797615,instore,19,1,0.38593951093692735,False,1
4028,0.4813441516353236,instore,1,1,0.37394713447906747,True,0
1980,0.019192276823056686,instore,10,1,0.8862882164557176,False,0
1212,0.13710970572899905,online,13,1,0.32855814988579846,True,0
8145,0.5353101314525917,online,14,1,0.05446604736683758,True,1
5577,0.2152018720172375,instore,10,0,0.18245804065249005,False,1
7677,0.012120774643893273,instore,6,1,0.9652096385457352,False,1
5752,0.24120145759954148,instore,16,1,0.42818393986717285,False,1
5798,0.9758737549100538,instore,6,0,0.6320192084224364,False,1
5418,0.8015371118829896,instore,17,1,0.7261112593446369,True,1
8679,0.9595766443210334,online,10,1,0.3669614070072005,True,1
9456,0.48785404392636245,online,18,1,0.14722707441051697,True,1
932,0.1097361986775035,online,18,0,0.20658101622178082,False,0
429,0.547959488973693,online,3,1,0.31326647658061035,True,0
2214,0.4543773345599609,instore,15,0,0.6360684203522257,False,0
1130,0.844357082739616,online,15,1,0.3982805490890544,False,1
960,0.09808258078424459,instore,4,0,0.006814697900128119,True,0
2346,0.4882411370217782,instore,9,1,0.5234071850674719,False,0
5383,0.15004866469398426,instore,19,0,0.9215133919074179,True,0
2253,0.32467592689006,online,17,0,0.812077611008679,False,0
2655,0.7373570773877997,instore,11,0,0.8252113712596311,True,0
4622,0.47601812936876653,online,9,0,0.7950580176061312,False,0
1875,0.37588828514576933,online,10,0,0.32373082561042366,True,0
6038,0.3944762785700353,instore,18,0,0.765193833754392,True,0
7336,0.45944676840598664,instore,13,1,0.143161357811193,False,1
6381,0.7850165438370569,instore,8,1,0.6577161472759535,False,1
3238,0.7869033862552951,online,15,0,0.7879701335909316,False,1
3729,0.31540689574801273,instore,15,0,0.9032481050951305,False,0
2381,0.6881347060865421,instore,1,1,0.26741527847210766,True,0
2901,0.4376031240553919,online,14,0,0.8123907241861509,True,0
3766,0.2546706220460512,online,5,1,0.0824059718619482,False,1
4235,0.8408715794259226,online,11,1,0.599967858261066,False,1
104,0.038426348962324997,online,16,0,0.48564686533427714,True,0
2684,0.9017619921354235,online,2,0,0.545923533309,False,1
803,0.6372014768082804,instore,11,1,0.8713152472468535,False,0
2126,0.6593539222057827,instore,18,0,0.785083657239757,False,0
5789,0.8951177407065364,online,3,0,0.273698457678371,False,1
6176,0.6366696821672073,instore,1,0,0.9118186286860916,True,0
824,0.6139335847600618,online,11,1,0.09750769246387525,True,0
355,0.06665204056068996,instore,16,1,0.8533292165587878,True,0
8564,0.5184080219452041,instore,18,0,0.3281600723536078,True,0
2453,0.15016900081704165,online,16,1,0.053772311661983374,False,1
7793,0.7374337687214856,online,10,1,0.6693569842407483,False,1
994,0.5122219208126745,online,18,0,0.23127992831595545,True,0
7800,0.6802277792083533,instore,6,0,0.24357112586463192,False,0
9841,0.041672900602384266,online,19,1,0.3060471662287715,False,1
